CREATE TABLE `jobs` (
`id` bigint(20) unsigned NOT NULL,
  `queue` varchar(255) COLLATE utf8_unicode_ci NOT NULL,
  `payload` longtext COLLATE utf8_unicode_ci NOT NULL,
  `attempts` tinyint(3) unsigned NOT NULL,
  `reserved` tinyint(3) unsigned NOT NULL,
  `reserved_at` int(10) unsigned DEFAULT NULL,
  `available_at` int(10) unsigned NOT NULL,
  `created_at` int(10) unsigned NOT NULL
) ENGINE=InnoDB DEFAULT CHARSET=utf8 COLLATE=utf8_unicode_ci;

CREATE TABLE `migrations` (
  `migration` varchar(255) COLLATE utf8_unicode_ci NOT NULL,
  `batch` int(11) NOT NULL
) ENGINE=InnoDB DEFAULT CHARSET=utf8 COLLATE=utf8_unicode_ci;

INSERT INTO `migrations` (`migration`, `batch`) VALUES
('2014_10_12_000000_create_users_table', 1),
('2015_06_21_174427_create_posts_table', 1),
('2015_06_27_074414_create_tags_table', 1),
('2015_06_27_074433_create_post_tag_pivot', 1),
('2015_06_27_123303_restructure_posts_table', 1),
('2015_06_28_085417_create_jobs_table', 1),
('2015_06_27_074433_create_user_friend_pivot', 2),
('2015_06_27_074433_create_user_post_pivot', 2);

CREATE TABLE `posts` (
`id` int(10) unsigned NOT NULL,
  `authour_id` int(10) unsigned NOT NULL DEFAULT '1',
  `slug` varchar(255) COLLATE utf8_unicode_ci NOT NULL,
  `title` varchar(255) COLLATE utf8_unicode_ci NOT NULL,
  `subtitle` varchar(255) COLLATE utf8_unicode_ci NOT NULL,
  `content_raw` text COLLATE utf8_unicode_ci NOT NULL,
  `content_html` text COLLATE utf8_unicode_ci NOT NULL,
  `page_image` varchar(255) COLLATE utf8_unicode_ci NOT NULL,
  `meta_description` varchar(255) COLLATE utf8_unicode_ci NOT NULL,
  `is_draft` tinyint(1) NOT NULL,
  `layout` varchar(255) COLLATE utf8_unicode_ci NOT NULL DEFAULT 'blog.layouts.post',
  `created_at` timestamp NOT NULL DEFAULT '0000-00-00 00:00:00',
  `updated_at` timestamp NOT NULL DEFAULT '0000-00-00 00:00:00',
  `published_at` timestamp NOT NULL DEFAULT '0000-00-00 00:00:00'
) ENGINE=InnoDB AUTO_INCREMENT=21 DEFAULT CHARSET=utf8 COLLATE=utf8_unicode_ci;

INSERT INTO `posts` (`id`, `authour_id`, `slug`, `title`, `subtitle`, `content_raw`, `content_html`, `page_image`, `meta_description`, `is_draft`, `layout`, `created_at`, `updated_at`, `published_at`) VALUES
(1, 1, 'esse-id-quo-sit-consequatur-facere', 'Testing ', 'Accusamus possimus ea ut ut explicabo repellat praesentium totam nihil dolores velit est qui accusamus perferendis ullam eaque est hic.', 'Natus optio culpa rem aperiam. Occaecati cum numquam autem sit est.\r\n\r\nRerum commodi similique delectus ut. Voluptates impedit aliquid est dolores amet cupiditate. Labore suscipit non omnis praesentium illo veniam. Quas numquam repellat ipsam veniam quasi quod enim. Suscipit voluptatibus quod eos cumque est expedita quibusdam.\r\n\r\nQuia alias et sed impedit non velit. Hic aspernatur nesciunt culpa distinctio quas deserunt. Qui aperiam qui accusantium minima inventore. Provident omnis rerum perferendis.', '<p>Natus optio culpa rem aperiam. Occaecati cum numquam autem sit est.</p>\n\n<p>Rerum commodi similique delectus ut. Voluptates impedit aliquid est dolores amet cupiditate. Labore suscipit non omnis praesentium illo veniam. Quas numquam repellat ipsam veniam quasi quod enim. Suscipit voluptatibus quod eos cumque est expedita quibusdam.</p>\n\n<p>Quia alias et sed impedit non velit. Hic aspernatur nesciunt culpa distinctio quas deserunt. Qui aperiam qui accusantium minima inventore. Provident omnis rerum perferendis.</p>\n', 'contact-bg.jpg', 'Meta for Esse id quo sit consequatur facere.', 0, 'blog.layouts.post', '2015-12-14 04:46:32', '2015-12-14 08:59:14', '2015-12-04 17:56:00'),
(2, 2, 'aperiam-dolorum-et-est', 'Aperiam dolorum et est.', 'Culpa sint repudiandae deserunt ipsum amet voluptates quisquam qui incidunt suscipit quae aut debitis.', 'Rerum nemo et natus. Est ipsa qui natus eaque ea atque sunt. Natus possimus mollitia enim sed. Assumenda eum odio quasi tenetur sit consectetur.\n\nQuo quis odio dicta et modi soluta. Ea enim ut eveniet beatae iste. Aliquam molestiae fugiat est dolorem blanditiis nesciunt sunt. Aut libero sint est vero. Id sed consequatur facere eos aut quam.\n\nTenetur sapiente id est molestias et maxime earum. Vel velit officiis quia officia sapiente. Ipsum aliquam nihil placeat sed.\n\nUllam iste eum pariatur qui reprehenderit eos dolorem. Amet beatae atque corporis. Quasi nobis vero autem explicabo et saepe non ut. Tempore sit commodi nam veritatis minus.', '<p>Rerum nemo et natus. Est ipsa qui natus eaque ea atque sunt. Natus possimus mollitia enim sed. Assumenda eum odio quasi tenetur sit consectetur.</p>\n\n<p>Quo quis odio dicta et modi soluta. Ea enim ut eveniet beatae iste. Aliquam molestiae fugiat est dolorem blanditiis nesciunt sunt. Aut libero sint est vero. Id sed consequatur facere eos aut quam.</p>\n\n<p>Tenetur sapiente id est molestias et maxime earum. Vel velit officiis quia officia sapiente. Ipsum aliquam nihil placeat sed.</p>\n\n<p>Ullam iste eum pariatur qui reprehenderit eos dolorem. Amet beatae atque corporis. Quasi nobis vero autem explicabo et saepe non ut. Tempore sit commodi nam veritatis minus.</p>\n', 'home-bg.jpg', 'Meta for Aperiam dolorum et est.', 0, 'blog.layouts.post', '2015-12-14 04:46:32', '2015-12-14 04:46:32', '2015-11-28 12:35:15'),
(3, 3, 'repudiandae-totam-et-sequi-nisi-maxime-dolore', 'Repudiandae totam et sequi nisi maxime dolore.', 'Beatae praesentium iusto aut labore praesentium aut necessitatibus quibusdam voluptatem dolorum doloribus eveniet quibusdam illo autem dolore nihil ea nisi quis eos nihil.', 'Ea corrupti et illum qui non. Sapiente et eos autem quidem. Iusto facilis accusantium illo. Temporibus debitis illo minima id omnis consequatur.\n\nIste et incidunt recusandae fugit impedit qui mollitia. Enim est consequuntur sed facilis suscipit et nam. Itaque laudantium vitae in. Possimus assumenda tempora minus quisquam iusto quibusdam est hic.\n\nSed velit ut necessitatibus facilis ut. Velit ad ut aut ut. Et ea consectetur eaque.\n\nQuaerat consequuntur omnis voluptatibus consequuntur. Est beatae corrupti non sunt quam amet molestias. Sed ducimus voluptates ratione aperiam. Saepe amet quas voluptatem nobis.\n\nOfficiis voluptatem ex facere. Ea tempore eum ab consectetur et. Facilis autem nesciunt magnam modi in fuga libero.', '<p>Ea corrupti et illum qui non. Sapiente et eos autem quidem. Iusto facilis accusantium illo. Temporibus debitis illo minima id omnis consequatur.</p>\n\n<p>Iste et incidunt recusandae fugit impedit qui mollitia. Enim est consequuntur sed facilis suscipit et nam. Itaque laudantium vitae in. Possimus assumenda tempora minus quisquam iusto quibusdam est hic.</p>\n\n<p>Sed velit ut necessitatibus facilis ut. Velit ad ut aut ut. Et ea consectetur eaque.</p>\n\n<p>Quaerat consequuntur omnis voluptatibus consequuntur. Est beatae corrupti non sunt quam amet molestias. Sed ducimus voluptates ratione aperiam. Saepe amet quas voluptatem nobis.</p>\n\n<p>Officiis voluptatem ex facere. Ea tempore eum ab consectetur et. Facilis autem nesciunt magnam modi in fuga libero.</p>\n', 'contact-bg.jpg', 'Meta for Repudiandae totam et sequi nisi maxime dolore.', 0, 'blog.layouts.post', '2015-12-14 04:46:32', '2015-12-14 04:46:32', '2015-12-11 16:04:04'),
(4, 1, 'et-nemo-autem-omnis-non-unde-nihil-dolores-incidunt-praesentium-dignissimos', 'Et nemo autem omnis non unde nihil dolores incidunt praesentium dignissimos.', 'Laboriosam minus minima repellendus quaerat qui enim optio in ea repellat voluptas inventore et sit voluptatem repellat aut voluptas ab quae.', 'Perferendis sed porro amet soluta. Id vero enim laudantium enim qui id. Debitis consequatur tempora accusamus aut et consequatur.\n\nSint maxime a minima aperiam sunt expedita est laudantium. Incidunt deserunt tempore minus omnis.\n\nUllam cum eveniet et dolore ipsam odio. Aut vitae et dolorem veritatis. Autem corporis illo autem possimus exercitationem. Consequuntur ut est aut velit qui.', '<p>Perferendis sed porro amet soluta. Id vero enim laudantium enim qui id. Debitis consequatur tempora accusamus aut et consequatur.</p>\n\n<p>Sint maxime a minima aperiam sunt expedita est laudantium. Incidunt deserunt tempore minus omnis.</p>\n\n<p>Ullam cum eveniet et dolore ipsam odio. Aut vitae et dolorem veritatis. Autem corporis illo autem possimus exercitationem. Consequuntur ut est aut velit qui.</p>\n', 'about-bg.jpg', 'Meta for Et nemo autem omnis non unde nihil dolores incidunt praesentium dignissimos.', 0, 'blog.layouts.post', '2015-12-14 04:46:32', '2015-12-14 04:46:32', '2015-11-23 06:01:12'),
(5, 2, 'consequatur-autem-id-provident-sed-non-est', 'Consequatur autem id provident sed non est.', 'Consequatur incidunt vitae in explicabo facere repudiandae ducimus sequi.', 'Quo fuga consectetur iure enim cum. Perferendis est itaque maxime quos provident error aperiam. Tenetur impedit commodi ratione occaecati sed. Recusandae quibusdam ullam dolores alias.\n\nEsse ex debitis facilis aperiam. Temporibus voluptas autem illum culpa maxime quasi. In voluptatem dolores est vero et.\n\nQuos vel nam doloremque sed. Ut accusantium veniam aut placeat. Non quo recusandae sapiente. Quae eos et quo tenetur distinctio.\n\nRem accusantium voluptatem voluptatem laborum. Ipsum nihil unde possimus ut quia quibusdam ex. In facere explicabo earum earum.\n\nEum ea neque id est voluptatem laborum. Nihil et velit quos sunt quibusdam. Eos ex qui aut aliquam est hic. Nisi laboriosam harum quaerat est hic omnis.\n\nVoluptas cumque quisquam id ex ipsam. Tempore aut accusantium non dolor assumenda quae ex vero. Velit quasi quo sint molestias maiores.', '<p>Quo fuga consectetur iure enim cum. Perferendis est itaque maxime quos provident error aperiam. Tenetur impedit commodi ratione occaecati sed. Recusandae quibusdam ullam dolores alias.</p>\n\n<p>Esse ex debitis facilis aperiam. Temporibus voluptas autem illum culpa maxime quasi. In voluptatem dolores est vero et.</p>\n\n<p>Quos vel nam doloremque sed. Ut accusantium veniam aut placeat. Non quo recusandae sapiente. Quae eos et quo tenetur distinctio.</p>\n\n<p>Rem accusantium voluptatem voluptatem laborum. Ipsum nihil unde possimus ut quia quibusdam ex. In facere explicabo earum earum.</p>\n\n<p>Eum ea neque id est voluptatem laborum. Nihil et velit quos sunt quibusdam. Eos ex qui aut aliquam est hic. Nisi laboriosam harum quaerat est hic omnis.</p>\n\n<p>Voluptas cumque quisquam id ex ipsam. Tempore aut accusantium non dolor assumenda quae ex vero. Velit quasi quo sint molestias maiores.</p>\n', 'contact-bg.jpg', 'Meta for Consequatur autem id provident sed non est.', 0, 'blog.layouts.post', '2015-12-14 04:46:32', '2015-12-14 04:46:32', '2015-12-03 02:42:55'),
(6, 3, 'rem-voluptas-et-nihil', 'Rem voluptas et nihil.', 'Est nihil facilis consequuntur eaque laboriosam officiis incidunt facilis non voluptas officiis sed maiores repudiandae hic magni.', 'Alias et voluptas voluptatem doloremque consectetur ea eaque. Impedit et sit quo at possimus id iste. Omnis dolorem inventore vel ab repudiandae.\n\nDolor voluptatem quo ut. Dolor cumque impedit aut officia eos iste. Libero perspiciatis dolorem et.\n\nUt temporibus occaecati est velit similique dolor iure sequi. Nulla repellat nihil omnis dolores alias qui expedita. Pariatur est consequatur id impedit atque tempora nemo. Amet laudantium dignissimos fugit rem consequatur.\n\nAutem quia rerum repellat voluptates et et dicta. Ipsam voluptatem neque error nisi aliquid. Sint ipsa voluptas pariatur ea sit quia voluptatem.\n\nPossimus rerum delectus eaque consectetur impedit non molestias. Et et quia laborum ut quisquam eum adipisci repudiandae. Rem est rerum ea voluptates et commodi sed. Illo eum voluptates deserunt qui.', '<p>Alias et voluptas voluptatem doloremque consectetur ea eaque. Impedit et sit quo at possimus id iste. Omnis dolorem inventore vel ab repudiandae.</p>\n\n<p>Dolor voluptatem quo ut. Dolor cumque impedit aut officia eos iste. Libero perspiciatis dolorem et.</p>\n\n<p>Ut temporibus occaecati est velit similique dolor iure sequi. Nulla repellat nihil omnis dolores alias qui expedita. Pariatur est consequatur id impedit atque tempora nemo. Amet laudantium dignissimos fugit rem consequatur.</p>\n\n<p>Autem quia rerum repellat voluptates et et dicta. Ipsam voluptatem neque error nisi aliquid. Sint ipsa voluptas pariatur ea sit quia voluptatem.</p>\n\n<p>Possimus rerum delectus eaque consectetur impedit non molestias. Et et quia laborum ut quisquam eum adipisci repudiandae. Rem est rerum ea voluptates et commodi sed. Illo eum voluptates deserunt qui.</p>\n', 'about-bg.jpg', 'Meta for Rem voluptas et nihil.', 0, 'blog.layouts.post', '2015-12-14 04:46:32', '2015-12-14 04:46:32', '2015-12-10 03:36:20'),
(7, 1, 'atque-delectus-voluptatem-quasi-vel-repudiandae-quasi-voluptates-laboriosam-dolor-minima-quo-sequi', 'Atque delectus voluptatem quasi vel repudiandae quasi voluptates laboriosam dolor minima quo sequi.', 'Voluptatum consequatur accusantium mollitia suscipit dolores minus repellat neque sed qui ipsum at molestiae.', 'Voluptatum qui quidem cum a ut omnis quidem. Natus asperiores ut accusamus soluta. Deleniti sunt distinctio at aliquid.\n\nUt suscipit ab qui quaerat dolorem. Perspiciatis cupiditate ipsam iste cupiditate. Magni odio accusamus dolores distinctio et eos.\n\nConsectetur quia adipisci veritatis ex est aliquam. Facilis eum soluta officiis ut voluptatum autem dolores. Et odio sed beatae voluptatem et enim. Aut nemo cum quod qui voluptas.', '<p>Voluptatum qui quidem cum a ut omnis quidem. Natus asperiores ut accusamus soluta. Deleniti sunt distinctio at aliquid.</p>\n\n<p>Ut suscipit ab qui quaerat dolorem. Perspiciatis cupiditate ipsam iste cupiditate. Magni odio accusamus dolores distinctio et eos.</p>\n\n<p>Consectetur quia adipisci veritatis ex est aliquam. Facilis eum soluta officiis ut voluptatum autem dolores. Et odio sed beatae voluptatem et enim. Aut nemo cum quod qui voluptas.</p>\n', 'about-bg.jpg', 'Meta for Atque delectus voluptatem quasi vel repudiandae quasi voluptates laboriosam dolor minima quo sequi.', 0, 'blog.layouts.post', '2015-12-14 04:46:32', '2015-12-14 04:46:32', '2015-12-16 02:19:59'),
(8, 2, 'voluptas-ad-incidunt-quia-et-cumque', 'Voluptas ad incidunt quia et cumque.', 'Dolor placeat id magnam cumque eum totam ea recusandae vel animi quia iste maiores repellat eius fugit et.', 'Perferendis rerum nulla aut soluta. Molestiae occaecati et accusantium porro numquam. Dolorum consequatur fuga excepturi voluptas officiis unde nulla eos.\r\n\r\nQuibusdam omnis dolores fuga fuga. Ducimus quidem est quia ratione quidem. Fuga dolorem omnis ut aut.\r\n\r\nPraesentium veniam voluptates veniam eaque cupiditate hic. Suscipit nesciunt inventore nam. Id rerum exercitationem labore labore enim quod eos similique. Velit a eum est eaque sint excepturi.', '<p>Perferendis rerum nulla aut soluta. Molestiae occaecati et accusantium porro numquam. Dolorum consequatur fuga excepturi voluptas officiis unde nulla eos.</p>\n\n<p>Quibusdam omnis dolores fuga fuga. Ducimus quidem est quia ratione quidem. Fuga dolorem omnis ut aut.</p>\n\n<p>Praesentium veniam voluptates veniam eaque cupiditate hic. Suscipit nesciunt inventore nam. Id rerum exercitationem labore labore enim quod eos similique. Velit a eum est eaque sint excepturi.</p>\n', 'home-bg.jpg', 'Meta for Voluptas ad incidunt quia et cumque.', 0, 'blog.layouts.post', '2015-12-14 04:46:32', '2015-12-14 05:53:33', '2015-12-17 01:27:00'),
(9, 3, 'assumenda-eos-accusantium-inventore', 'Assumenda eos accusantium inventore.', 'Quaerat quas aut maxime aut sed ex explicabo doloribus aut.', 'Ut cum incidunt unde ad aperiam molestias fuga. Mollitia expedita sint autem iste sequi.\n\nVoluptatibus ut natus rem quibusdam voluptatum. Nostrum temporibus dolores eius consequuntur. Corporis in eos earum dignissimos voluptas ducimus. Rerum animi sunt voluptas rerum minima corporis eos.\n\nEt quos fugiat aut magni vel. Sequi ipsum officiis odit sit quod. Minus voluptatibus et est odit ad et ut consequatur. Unde id ut quo in.\n\nIure fugiat doloremque aut sed porro sapiente quos nulla. Quos nemo dicta delectus voluptas. Omnis et consectetur voluptatem corporis. Aperiam inventore et doloremque. Libero facilis beatae mollitia debitis.\n\nVoluptates sunt magni earum laudantium sint aut doloremque. Reprehenderit eos quia iure amet.\n\nVoluptatem quae omnis provident dolor est. Velit quaerat ea autem. Illum porro dolorem exercitationem quaerat temporibus.', '<p>Ut cum incidunt unde ad aperiam molestias fuga. Mollitia expedita sint autem iste sequi.</p>\n\n<p>Voluptatibus ut natus rem quibusdam voluptatum. Nostrum temporibus dolores eius consequuntur. Corporis in eos earum dignissimos voluptas ducimus. Rerum animi sunt voluptas rerum minima corporis eos.</p>\n\n<p>Et quos fugiat aut magni vel. Sequi ipsum officiis odit sit quod. Minus voluptatibus et est odit ad et ut consequatur. Unde id ut quo in.</p>\n\n<p>Iure fugiat doloremque aut sed porro sapiente quos nulla. Quos nemo dicta delectus voluptas. Omnis et consectetur voluptatem corporis. Aperiam inventore et doloremque. Libero facilis beatae mollitia debitis.</p>\n\n<p>Voluptates sunt magni earum laudantium sint aut doloremque. Reprehenderit eos quia iure amet.</p>\n\n<p>Voluptatem quae omnis provident dolor est. Velit quaerat ea autem. Illum porro dolorem exercitationem quaerat temporibus.</p>\n', 'contact-bg.jpg', 'Meta for Assumenda eos accusantium inventore.', 0, 'blog.layouts.post', '2015-12-14 04:46:32', '2015-12-14 04:46:32', '2015-12-01 15:08:08'),
(10, 1, 'ratione-quia-harum-itaque-consequatur-beatae-eos-quas-inventore-velit-laboriosam', 'Ratione quia harum itaque consequatur beatae eos quas inventore velit laboriosam.', 'Necessitatibus quas saepe deserunt quod necessitatibus repellat pariatur dicta distinctio nobis.', 'Aut consequatur consequatur est qui est fuga rem. Nulla neque et dolorem qui laborum est sit.\n\nFugiat est autem voluptates vel cumque impedit eos sequi. Iure cupiditate aliquam quas officiis hic excepturi occaecati. Velit inventore eligendi error sit dolorem veniam. Ut qui consectetur veniam sint consequatur ea.\n\nArchitecto sed necessitatibus enim est illo rerum. Quidem enim est autem et id suscipit. Enim eum alias magnam consequuntur omnis et. Quam hic est ut.\n\nVel recusandae delectus asperiores. Quis impedit culpa repellat. Et veniam et perferendis labore nisi. Iusto amet consequatur eos qui excepturi.\n\nPerspiciatis eos sapiente doloribus nobis praesentium et. Assumenda dolor rerum et suscipit et voluptatem ad. Ad magni illo voluptates ipsum sit voluptatem. Doloribus doloremque consequatur rerum autem similique quia.\n\nDolorum omnis fuga et mollitia perferendis. Deserunt doloremque accusamus consequatur. Aut rerum consectetur ratione quae dolor. Ab numquam sint nisi debitis.', '<p>Aut consequatur consequatur est qui est fuga rem. Nulla neque et dolorem qui laborum est sit.</p>\n\n<p>Fugiat est autem voluptates vel cumque impedit eos sequi. Iure cupiditate aliquam quas officiis hic excepturi occaecati. Velit inventore eligendi error sit dolorem veniam. Ut qui consectetur veniam sint consequatur ea.</p>\n\n<p>Architecto sed necessitatibus enim est illo rerum. Quidem enim est autem et id suscipit. Enim eum alias magnam consequuntur omnis et. Quam hic est ut.</p>\n\n<p>Vel recusandae delectus asperiores. Quis impedit culpa repellat. Et veniam et perferendis labore nisi. Iusto amet consequatur eos qui excepturi.</p>\n\n<p>Perspiciatis eos sapiente doloribus nobis praesentium et. Assumenda dolor rerum et suscipit et voluptatem ad. Ad magni illo voluptates ipsum sit voluptatem. Doloribus doloremque consequatur rerum autem similique quia.</p>\n\n<p>Dolorum omnis fuga et mollitia perferendis. Deserunt doloremque accusamus consequatur. Aut rerum consectetur ratione quae dolor. Ab numquam sint nisi debitis.</p>\n', 'post-bg.jpg', 'Meta for Ratione quia harum itaque consequatur beatae eos quas inventore velit laboriosam.', 0, 'blog.layouts.post', '2015-12-14 04:46:32', '2015-12-14 04:46:32', '2015-12-09 23:06:37'),
(11, 2, 'vero-eligendi-necessitatibus-et-est', 'Vero eligendi necessitatibus et est.', 'Quis ut maiores autem iste ullam id eos qui odit et enim distinctio quam at architecto omnis.', 'Nemo accusamus perspiciatis enim a. Repellendus et commodi aut unde. Et aliquam sit dolores temporibus vitae consequuntur ad consequatur.\n\nInventore quaerat similique tempora fugiat. Assumenda amet porro laborum amet neque veniam temporibus. Expedita ratione quos et rerum ea odit qui.\n\nOccaecati quam quos ut nisi numquam vel qui voluptas. Quo itaque est molestiae sunt natus. Aut nihil expedita nobis vel. Nisi ipsum et qui ut molestiae ea. Repudiandae temporibus aperiam fugit fugit.\n\nNihil inventore natus quod fugiat. Culpa ut animi laudantium quod quae. Deleniti ipsa quo sequi expedita enim a.\n\nUt consequatur corrupti maxime qui. Perspiciatis excepturi asperiores sit qui architecto. Suscipit aut fugit ducimus dolor consequatur dicta. Est est et ipsam consequatur cupiditate qui.', '<p>Nemo accusamus perspiciatis enim a. Repellendus et commodi aut unde. Et aliquam sit dolores temporibus vitae consequuntur ad consequatur.</p>\n\n<p>Inventore quaerat similique tempora fugiat. Assumenda amet porro laborum amet neque veniam temporibus. Expedita ratione quos et rerum ea odit qui.</p>\n\n<p>Occaecati quam quos ut nisi numquam vel qui voluptas. Quo itaque est molestiae sunt natus. Aut nihil expedita nobis vel. Nisi ipsum et qui ut molestiae ea. Repudiandae temporibus aperiam fugit fugit.</p>\n\n<p>Nihil inventore natus quod fugiat. Culpa ut animi laudantium quod quae. Deleniti ipsa quo sequi expedita enim a.</p>\n\n<p>Ut consequatur corrupti maxime qui. Perspiciatis excepturi asperiores sit qui architecto. Suscipit aut fugit ducimus dolor consequatur dicta. Est est et ipsam consequatur cupiditate qui.</p>\n', 'post-bg.jpg', 'Meta for Vero eligendi necessitatibus et est.', 0, 'blog.layouts.post', '2015-12-14 04:46:32', '2015-12-14 04:46:32', '2015-12-08 01:41:41'),
(12, 3, 'pariatur-asperiores-quo', 'Pariatur asperiores quo.', 'Consequatur voluptatum molestiae at libero quo sunt veritatis aut rem voluptate autem explicabo nemo iusto et veritatis est ut illo dolores dolor.', 'Aperiam velit iure eum dolorem debitis ab nobis. Facilis et et officiis ratione itaque qui. Dolorum praesentium dolorem blanditiis porro iste. Suscipit sed et at in a similique.\n\nSit et sequi tenetur quae veniam maiores. Illum atque est veritatis optio aliquid. Illo eos et officiis culpa et mollitia.\n\nSoluta qui voluptate in et assumenda voluptates delectus voluptas. Necessitatibus atque labore et eos aliquid. Sapiente in aliquid dolorem suscipit.\n\nPossimus eveniet aut mollitia magnam consectetur veniam. Alias necessitatibus officiis reprehenderit pariatur tenetur illo enim. Cum nihil consequatur dicta qui a veniam.\n\nId tempora qui voluptatibus qui a dolores. Provident dolores dolorem corporis ut. Quibusdam aut saepe sequi aut vero ea.', '<p>Aperiam velit iure eum dolorem debitis ab nobis. Facilis et et officiis ratione itaque qui. Dolorum praesentium dolorem blanditiis porro iste. Suscipit sed et at in a similique.</p>\n\n<p>Sit et sequi tenetur quae veniam maiores. Illum atque est veritatis optio aliquid. Illo eos et officiis culpa et mollitia.</p>\n\n<p>Soluta qui voluptate in et assumenda voluptates delectus voluptas. Necessitatibus atque labore et eos aliquid. Sapiente in aliquid dolorem suscipit.</p>\n\n<p>Possimus eveniet aut mollitia magnam consectetur veniam. Alias necessitatibus officiis reprehenderit pariatur tenetur illo enim. Cum nihil consequatur dicta qui a veniam.</p>\n\n<p>Id tempora qui voluptatibus qui a dolores. Provident dolores dolorem corporis ut. Quibusdam aut saepe sequi aut vero ea.</p>\n', 'post-bg.jpg', 'Meta for Pariatur asperiores quo.', 0, 'blog.layouts.post', '2015-12-14 04:46:32', '2015-12-14 04:46:32', '2015-12-01 06:28:21'),
(13, 1, 'ea-velit-et-sed-veritatis-eveniet-omnis-dolorem-modi-aliquam-et', 'Ea velit et sed veritatis eveniet omnis dolorem modi aliquam et.', 'Quae veritatis sit ut molestiae doloribus odit quia enim et quidem quod qui quam qui magnam ea amet.', 'Et dolorum officiis quae consectetur modi vero. Voluptatem magni quas eos maxime in quia. Impedit perspiciatis consequatur eligendi quo unde quisquam. Esse repellat quidem iure rerum harum esse.\n\nAliquam dolor libero reiciendis. Dolore quod et odit deleniti. Est eos labore voluptatem est. Est eum iure repellendus repellendus molestias nulla expedita commodi.\n\nLibero fugiat animi est voluptas quia dolores. Tempora autem non modi ut quia provident ipsam. Delectus voluptatem sunt quis dolorum. Quo enim ut aliquam sunt eum.\n\nQui id voluptatem itaque dolore. Velit repellendus rerum culpa reprehenderit similique et corporis maxime. Enim eum et est beatae iste sint debitis.\n\nUnde veniam aut aspernatur fuga ad amet. Debitis id consectetur sequi. Nihil eos quibusdam nostrum laborum laborum. Aut ut architecto provident hic dicta consequatur ipsam.', '<p>Et dolorum officiis quae consectetur modi vero. Voluptatem magni quas eos maxime in quia. Impedit perspiciatis consequatur eligendi quo unde quisquam. Esse repellat quidem iure rerum harum esse.</p>\n\n<p>Aliquam dolor libero reiciendis. Dolore quod et odit deleniti. Est eos labore voluptatem est. Est eum iure repellendus repellendus molestias nulla expedita commodi.</p>\n\n<p>Libero fugiat animi est voluptas quia dolores. Tempora autem non modi ut quia provident ipsam. Delectus voluptatem sunt quis dolorum. Quo enim ut aliquam sunt eum.</p>\n\n<p>Qui id voluptatem itaque dolore. Velit repellendus rerum culpa reprehenderit similique et corporis maxime. Enim eum et est beatae iste sint debitis.</p>\n\n<p>Unde veniam aut aspernatur fuga ad amet. Debitis id consectetur sequi. Nihil eos quibusdam nostrum laborum laborum. Aut ut architecto provident hic dicta consequatur ipsam.</p>\n', 'contact-bg.jpg', 'Meta for Ea velit et sed veritatis eveniet omnis dolorem modi aliquam et.', 0, 'blog.layouts.post', '2015-12-14 04:46:32', '2015-12-14 04:46:32', '2015-11-17 14:00:00'),
(14, 2, 'quo-hic-quis-et-veritatis-eaque', 'Quo hic quis et veritatis eaque.', 'Ut laboriosam nobis accusantium expedita vitae ut quaerat laboriosam et reiciendis adipisci voluptatum tempora nihil totam quia minus.', 'Labore amet et et in ut. Odit quo illum voluptatem cumque pariatur. A at iusto sit quas cum quis odit debitis.\n\nLaboriosam voluptatem inventore officia voluptatem. Quia natus odio veritatis optio corrupti deserunt. Sequi nam dolor veniam. Excepturi velit aut sint praesentium vel dolore.\n\nEx numquam maiores quaerat ut sed consequuntur facere. Nam odio et reiciendis quia ut eum dolore. Deleniti et nulla illo perspiciatis. Repellendus et aspernatur aut dolor ex minus amet tempore.\n\nEos vero dolores facilis dignissimos enim velit. Officiis sunt saepe sapiente est quia consectetur hic. Id provident accusamus itaque. Est ea cum ipsum repellendus illo consectetur quidem ut.', '<p>Labore amet et et in ut. Odit quo illum voluptatem cumque pariatur. A at iusto sit quas cum quis odit debitis.</p>\n\n<p>Laboriosam voluptatem inventore officia voluptatem. Quia natus odio veritatis optio corrupti deserunt. Sequi nam dolor veniam. Excepturi velit aut sint praesentium vel dolore.</p>\n\n<p>Ex numquam maiores quaerat ut sed consequuntur facere. Nam odio et reiciendis quia ut eum dolore. Deleniti et nulla illo perspiciatis. Repellendus et aspernatur aut dolor ex minus amet tempore.</p>\n\n<p>Eos vero dolores facilis dignissimos enim velit. Officiis sunt saepe sapiente est quia consectetur hic. Id provident accusamus itaque. Est ea cum ipsum repellendus illo consectetur quidem ut.</p>\n', 'post-bg.jpg', 'Meta for Quo hic quis et veritatis eaque.', 0, 'blog.layouts.post', '2015-12-14 04:46:32', '2015-12-14 04:46:32', '2015-12-05 22:19:02'),
(15, 3, 'aliquid-dolorem-asperiores-ea-maxime', 'Aliquid dolorem asperiores ea maxime.', 'Modi maxime neque maxime quam nulla sed at ex repellendus id eos est inventore impedit atque ut voluptatibus et.', 'Unde similique est nemo at. Consequatur est sapiente aut voluptatibus sint accusantium aspernatur saepe. Quis quos dolorem maiores harum.\n\nVoluptas eum vero odit atque. Quibusdam sit magni explicabo.\n\nOmnis vel libero necessitatibus ea. Doloribus et accusantium eius quasi. Ratione delectus placeat et provident officiis fugit rem fugiat. Consectetur minima eos consectetur consequatur iusto ad.\n\nOptio veritatis voluptates laborum velit. Vitae rerum cum possimus repellat veniam quasi. Consequatur aut molestiae eligendi sapiente reiciendis expedita velit. Cum et temporibus repudiandae ab numquam.\n\nPerspiciatis nostrum iusto non corrupti temporibus est veniam. Quo voluptatibus fugiat officia distinctio. Nihil perspiciatis excepturi iste. Ut vero non nam dignissimos est nisi aut.', '<p>Unde similique est nemo at. Consequatur est sapiente aut voluptatibus sint accusantium aspernatur saepe. Quis quos dolorem maiores harum.</p>\n\n<p>Voluptas eum vero odit atque. Quibusdam sit magni explicabo.</p>\n\n<p>Omnis vel libero necessitatibus ea. Doloribus et accusantium eius quasi. Ratione delectus placeat et provident officiis fugit rem fugiat. Consectetur minima eos consectetur consequatur iusto ad.</p>\n\n<p>Optio veritatis voluptates laborum velit. Vitae rerum cum possimus repellat veniam quasi. Consequatur aut molestiae eligendi sapiente reiciendis expedita velit. Cum et temporibus repudiandae ab numquam.</p>\n\n<p>Perspiciatis nostrum iusto non corrupti temporibus est veniam. Quo voluptatibus fugiat officia distinctio. Nihil perspiciatis excepturi iste. Ut vero non nam dignissimos est nisi aut.</p>\n', 'post-bg.jpg', 'Meta for Aliquid dolorem asperiores ea maxime.', 0, 'blog.layouts.post', '2015-12-14 04:46:32', '2015-12-14 04:46:32', '2015-12-10 23:57:34'),
(16, 1, 'aspernatur-est-culpa-fuga', 'Aspernatur est culpa fuga.', 'Laboriosam omnis debitis saepe deserunt assumenda ducimus totam tenetur vel eius quos maxime nam tenetur id minima.', 'Et in est repudiandae eveniet quis ea ab itaque. Nemo ab harum odit aut unde tenetur. Ex voluptate voluptas quas facilis ut minima facilis velit.\n\nIure deleniti et voluptatem repellendus nulla officia enim. Autem eos vel quas voluptatem perspiciatis dolor dolores earum. Culpa harum neque id eum. Eos nobis et non sit quia et.\n\nVoluptatibus ipsam sint quas aut et. Id molestias voluptas numquam maiores tenetur vel. Nobis qui quisquam sapiente blanditiis.\n\nDolor assumenda libero asperiores aut sit a nobis. Voluptatem veniam est et repudiandae quo sunt. Ipsam non voluptatibus autem velit.\n\nDolorum optio ea qui itaque praesentium est doloremque. Culpa dolorem cupiditate aut qui optio sequi. Consequuntur incidunt est totam quod in. Amet nihil fuga numquam eveniet totam sequi.', '<p>Et in est repudiandae eveniet quis ea ab itaque. Nemo ab harum odit aut unde tenetur. Ex voluptate voluptas quas facilis ut minima facilis velit.</p>\n\n<p>Iure deleniti et voluptatem repellendus nulla officia enim. Autem eos vel quas voluptatem perspiciatis dolor dolores earum. Culpa harum neque id eum. Eos nobis et non sit quia et.</p>\n\n<p>Voluptatibus ipsam sint quas aut et. Id molestias voluptas numquam maiores tenetur vel. Nobis qui quisquam sapiente blanditiis.</p>\n\n<p>Dolor assumenda libero asperiores aut sit a nobis. Voluptatem veniam est et repudiandae quo sunt. Ipsam non voluptatibus autem velit.</p>\n\n<p>Dolorum optio ea qui itaque praesentium est doloremque. Culpa dolorem cupiditate aut qui optio sequi. Consequuntur incidunt est totam quod in. Amet nihil fuga numquam eveniet totam sequi.</p>\n', 'contact-bg.jpg', 'Meta for Aspernatur est culpa fuga.', 0, 'blog.layouts.post', '2015-12-14 04:46:32', '2015-12-14 04:46:32', '2015-11-24 13:34:48'),
(17, 2, 'dignissimos-nihil-non-eum-quibusdam-cum-aspernatur-laborum', 'Dignissimos nihil non eum quibusdam cum aspernatur laborum.', 'Aut quia nemo ipsam amet quo aut autem similique aut hic dolor.', 'Quis ea nesciunt deleniti. Sapiente dolor omnis qui sit ut dignissimos hic. Sed dolor ea est. Tempora ab quam mollitia voluptas omnis accusamus doloribus deleniti.\n\nFuga sequi consequatur in natus deleniti. Exercitationem ut non distinctio qui soluta incidunt consequuntur dolores. Placeat modi velit nisi itaque. Quidem dolore dignissimos consequatur quod. Iure ea est et voluptatem doloribus.\n\nOccaecati fuga voluptatem dicta iste praesentium laborum doloremque. Non enim molestiae et. Magni quo at aut natus rem ad.\n\nMaxime occaecati quam est. Earum est ratione inventore non sed non. Asperiores quisquam qui numquam corrupti temporibus quidem corporis.', '<p>Quis ea nesciunt deleniti. Sapiente dolor omnis qui sit ut dignissimos hic. Sed dolor ea est. Tempora ab quam mollitia voluptas omnis accusamus doloribus deleniti.</p>\n\n<p>Fuga sequi consequatur in natus deleniti. Exercitationem ut non distinctio qui soluta incidunt consequuntur dolores. Placeat modi velit nisi itaque. Quidem dolore dignissimos consequatur quod. Iure ea est et voluptatem doloribus.</p>\n\n<p>Occaecati fuga voluptatem dicta iste praesentium laborum doloremque. Non enim molestiae et. Magni quo at aut natus rem ad.</p>\n\n<p>Maxime occaecati quam est. Earum est ratione inventore non sed non. Asperiores quisquam qui numquam corrupti temporibus quidem corporis.</p>\n', 'home-bg.jpg', 'Meta for Dignissimos nihil non eum quibusdam cum aspernatur laborum.', 0, 'blog.layouts.post', '2015-12-14 04:46:32', '2015-12-14 04:46:32', '2015-11-17 14:40:25'),
(18, 3, 'qui-earum-sint', 'Qui earum sint.', 'Dicta consequatur distinctio totam totam excepturi similique voluptatem eos aliquid sunt et ex iste enim distinctio quo sunt ratione et voluptas nihil magnam.', 'Cumque ut dolorum cum repellat in aut. Consequatur sit autem maxime autem ut soluta quasi. Possimus voluptatem unde sapiente accusamus maiores. Consequuntur et enim dolorum recusandae nihil similique.\n\nAd enim eligendi ullam impedit ut voluptate et. Qui dolore molestiae reprehenderit. Et rerum enim consequatur voluptatibus. Cumque placeat officia quos nihil porro.\n\nOmnis nobis unde voluptas est veniam. Temporibus est voluptas voluptas cumque aut. Dolor veritatis atque doloribus officiis reiciendis esse doloribus eaque.\n\nDolores dicta deleniti officia similique tempora in eos. Facilis ut facilis magni et. Voluptatem consequatur magnam rerum autem ut necessitatibus doloremque. Odio et illum velit beatae.\n\nEligendi quaerat officia aut laboriosam eaque. Qui corporis dolore omnis id corrupti. Et sint sunt pariatur saepe ad qui. Et doloribus id earum itaque.\n\nMolestiae doloribus quisquam est qui magni maiores. Occaecati numquam vitae est ea tenetur tempore iusto veniam. Expedita eum optio dolorem est illum.', '<p>Cumque ut dolorum cum repellat in aut. Consequatur sit autem maxime autem ut soluta quasi. Possimus voluptatem unde sapiente accusamus maiores. Consequuntur et enim dolorum recusandae nihil similique.</p>\n\n<p>Ad enim eligendi ullam impedit ut voluptate et. Qui dolore molestiae reprehenderit. Et rerum enim consequatur voluptatibus. Cumque placeat officia quos nihil porro.</p>\n\n<p>Omnis nobis unde voluptas est veniam. Temporibus est voluptas voluptas cumque aut. Dolor veritatis atque doloribus officiis reiciendis esse doloribus eaque.</p>\n\n<p>Dolores dicta deleniti officia similique tempora in eos. Facilis ut facilis magni et. Voluptatem consequatur magnam rerum autem ut necessitatibus doloremque. Odio et illum velit beatae.</p>\n\n<p>Eligendi quaerat officia aut laboriosam eaque. Qui corporis dolore omnis id corrupti. Et sint sunt pariatur saepe ad qui. Et doloribus id earum itaque.</p>\n\n<p>Molestiae doloribus quisquam est qui magni maiores. Occaecati numquam vitae est ea tenetur tempore iusto veniam. Expedita eum optio dolorem est illum.</p>\n', 'about-bg.jpg', 'Meta for Qui earum sint.', 0, 'blog.layouts.post', '2015-12-14 04:46:32', '2015-12-14 04:46:32', '2015-11-21 07:25:12'),
(19, 1, 'minus-beatae-architecto-excepturi-est-laudantium-sit', 'Good stuff', 'Blanditiis id blanditiis alias iusto labore exercitationem consequatur blanditiis ipsa sequi.', 'Nobis neque aut quaerat libero enim. Amet perspiciatis soluta possimus dolores rem. Eos aut iste sunt cum. Sed voluptatum iste assumenda mollitia quae.\r\n\r\nIpsam a deleniti ut consequatur facilis consequatur esse. Et qui voluptatibus pariatur sed. Voluptatem molestiae iusto ut sit nihil et neque. Dignissimos earum fugit enim sed est minima est.\r\n\r\nExercitationem provident dolorem cupiditate. Ut qui voluptatum voluptatibus.\r\n\r\nQui aliquam aspernatur nesciunt quos harum dolor vero dolores. Similique ut esse et doloremque. Eum voluptate vel id voluptate eos aperiam id qui.', '<p>Nobis neque aut quaerat libero enim. Amet perspiciatis soluta possimus dolores rem. Eos aut iste sunt cum. Sed voluptatum iste assumenda mollitia quae.</p>\n\n<p>Ipsam a deleniti ut consequatur facilis consequatur esse. Et qui voluptatibus pariatur sed. Voluptatem molestiae iusto ut sit nihil et neque. Dignissimos earum fugit enim sed est minima est.</p>\n\n<p>Exercitationem provident dolorem cupiditate. Ut qui voluptatum voluptatibus.</p>\n\n<p>Qui aliquam aspernatur nesciunt quos harum dolor vero dolores. Similique ut esse et doloremque. Eum voluptate vel id voluptate eos aperiam id qui.</p>\n', 'about-bg.jpg', 'Meta for Minus beatae architecto excepturi est laudantium sit.', 0, 'blog.layouts.post', '2015-12-14 04:46:32', '2015-12-14 09:16:21', '2015-12-05 13:32:00');

CREATE TABLE `post_tag_pivot` (
`id` int(10) unsigned NOT NULL,
  `post_id` int(10) unsigned NOT NULL,
  `tag_id` int(10) unsigned NOT NULL
) ENGINE=InnoDB AUTO_INCREMENT=23 DEFAULT CHARSET=utf8 COLLATE=utf8_unicode_ci;

INSERT INTO `post_tag_pivot` (`id`, `post_id`, `tag_id`) VALUES
(1, 1, 5),
(2, 3, 4),
(3, 4, 2),
(4, 5, 5),
(5, 8, 3),
(6, 9, 5),
(7, 10, 3),
(8, 11, 5),
(9, 11, 1),
(10, 12, 1),
(11, 13, 2),
(12, 14, 1),
(13, 14, 2),
(14, 16, 2),
(15, 17, 3),
(16, 18, 5),
(17, 19, 2),
(18, 19, 4),
(20, 8, 5),
(21, 8, 2),
(22, 8, 4);

CREATE TABLE `tags` (
`id` int(10) unsigned NOT NULL,
  `tag` varchar(255) COLLATE utf8_unicode_ci NOT NULL,
  `title` varchar(255) COLLATE utf8_unicode_ci NOT NULL,
  `subtitle` varchar(255) COLLATE utf8_unicode_ci NOT NULL,
  `page_image` varchar(255) COLLATE utf8_unicode_ci NOT NULL,
  `meta_description` varchar(255) COLLATE utf8_unicode_ci NOT NULL,
  `layout` varchar(255) COLLATE utf8_unicode_ci NOT NULL DEFAULT 'blog.layouts.index',
  `reverse_direction` tinyint(1) NOT NULL,
  `created_at` timestamp NOT NULL DEFAULT '0000-00-00 00:00:00',
  `updated_at` timestamp NOT NULL DEFAULT '0000-00-00 00:00:00'
) ENGINE=InnoDB AUTO_INCREMENT=6 DEFAULT CHARSET=utf8 COLLATE=utf8_unicode_ci;

INSERT INTO `tags` (`id`, `tag`, `title`, `subtitle`, `page_image`, `meta_description`, `layout`, `reverse_direction`, `created_at`, `updated_at`) VALUES
(1, 'optio', 'Optio', 'Quis ut veritatis ratione a et blanditiis.', 'home-bg.jpg', 'Meta for optio', 'blog.layouts.index', 0, '2015-12-14 04:46:32', '2015-12-14 04:46:32'),
(2, 'repellendus', 'Repellendus', 'Totam enim et minus corporis harum incidunt est.', 'contact-bg.jpg', 'Meta for repellendus', 'blog.layouts.index', 0, '2015-12-14 04:46:32', '2015-12-14 04:46:32'),
(3, 'inventore', 'Inventore', 'Et aut aut et et.', 'post-bg.jpg', 'Meta for inventore', 'blog.layouts.index', 0, '2015-12-14 04:46:32', '2015-12-14 04:46:32'),
(4, 'sed', 'Sed', 'Quam facere qui beatae dolore molestiae voluptas.', 'about-bg.jpg', 'Meta for sed', 'blog.layouts.index', 0, '2015-12-14 04:46:32', '2015-12-14 04:46:32'),
(5, 'consequatur', 'Consequatur', 'Fugit ut et aut sed.', 'contact-bg.jpg', 'Meta for consequatur', 'blog.layouts.index', 0, '2015-12-14 04:46:32', '2015-12-14 04:46:32');

CREATE TABLE `users` (
`id` int(10) unsigned NOT NULL,
  `name` varchar(255) COLLATE utf8_unicode_ci NOT NULL,
  `email` varchar(255) COLLATE utf8_unicode_ci NOT NULL,
  `password` varchar(60) COLLATE utf8_unicode_ci NOT NULL,
  `thumb_url` varchar(255) COLLATE utf8_unicode_ci DEFAULT '/theme/admin/assets/_con/images/user.jpg',
  `remember_token` varchar(100) COLLATE utf8_unicode_ci DEFAULT NULL,
  `created_at` timestamp NOT NULL DEFAULT '0000-00-00 00:00:00',
  `updated_at` timestamp NOT NULL DEFAULT '0000-00-00 00:00:00',
  `about` text COLLATE utf8_unicode_ci
) ENGINE=InnoDB AUTO_INCREMENT=4 DEFAULT CHARSET=utf8 COLLATE=utf8_unicode_ci;

INSERT INTO `users` (`id`, `name`, `email`, `password`, `thumb_url`, `remember_token`, `created_at`, `updated_at`, `about`) VALUES
(1, 'Nick Mitchell', 'nick@superlogical.org', '$2y$10$JnXMGreCjMpcJPFcdMZAn.tFBfAYdvpQG6TeYypSuIDhEpfFUesAi', 'https://fbcdn-profile-a.akamaihd.net/hprofile-ak-xfl1/v/t1.0-1/c44.24.297.297/s160x160/405635_10151672454140120_690862080_n.jpg?oh=d8bbc5959823632e09d37ce9153307be&oe=56DC565A&__gda__=1457664823_15ce4ea76a2fcf87a5275bbc0bb6e427', 'JvFbRsKzQB44Rtkl00NGexAh7AFDJREtyZZiRiZdh3L4agqHqYsAkEfccijz', '2015-12-14 05:01:51', '2015-12-14 12:06:54', 'Face off is the greatest movie of all time'),
(2, 'Becz Wallace', 'becswallace@gmail.com', '$2y$10$x/wLdnugfdTdzzmUUeSdt.yLQaxTemr3kt/64kXexLDVuzK.84uzu', 'https://fbcdn-profile-a.akamaihd.net/hprofile-ak-xtf1/v/t1.0-1/p160x160/10419425_10152836653529759_7696067194740137069_n.jpg?oh=b353e6e2f26cbb2a05100bdbfaa36c25&oe=571B0937&__gda__=1457322913_a79ab0f832201f00496895185caa39b4', 'bJBYhH8FgCeYVuT8o1F9lSrNEyp9pa2KFRp6uH64z8fclTobLT037MZq45p4', '2015-12-14 12:07:29', '2015-12-14 12:19:52', 'When I get out of here, I''m gonna have you fired'),
(3, 'Joe Sanders', 'joesand@gmail.com', '$2y$10$DLD2pZYofhKz2IEqSxGKf.OV20jy5ObyhbTYC92EL3vR9ZACjGH5O', 'https://fbcdn-profile-a.akamaihd.net/hprofile-ak-xfa1/v/t1.0-1/p160x160/10352944_10205419252694986_6460667261254232355_n.jpg?oh=d906a8002322bfbb13da2c4eab0d62ef&oe=56D875FD&__gda__=1457741773_0b4124158514137e748d7dc6fdd9de29', NULL, '2015-12-14 12:22:09', '2015-12-14 12:22:09', 'You want to take his....face....off?');

CREATE TABLE `user_friend_pivot` (
`id` int(10) unsigned NOT NULL,
  `user_id` int(10) unsigned NOT NULL,
  `friend_id` int(10) unsigned NOT NULL
) ENGINE=InnoDB AUTO_INCREMENT=7 DEFAULT CHARSET=utf8 COLLATE=utf8_unicode_ci;

INSERT INTO `user_friend_pivot` (`id`, `user_id`, `friend_id`) VALUES
(1, 1, 2),
(2, 2, 1),
(3, 1, 3),
(4, 3, 1),
(5, 2, 3),
(6, 3, 2);

CREATE TABLE `user_post_pivot` (
`id` int(10) unsigned NOT NULL,
  `user_id` int(10) unsigned NOT NULL,
  `post_id` int(10) unsigned NOT NULL
) ENGINE=InnoDB DEFAULT CHARSET=utf8 COLLATE=utf8_unicode_ci;


ALTER TABLE `jobs`
 ADD PRIMARY KEY (`id`);

ALTER TABLE `posts`
 ADD PRIMARY KEY (`id`), ADD UNIQUE KEY `posts_slug_unique` (`slug`), ADD KEY `posts_published_at_index` (`published_at`);

ALTER TABLE `post_tag_pivot`
 ADD PRIMARY KEY (`id`), ADD KEY `post_tag_pivot_post_id_index` (`post_id`), ADD KEY `post_tag_pivot_tag_id_index` (`tag_id`);

ALTER TABLE `tags`
 ADD PRIMARY KEY (`id`), ADD UNIQUE KEY `tags_tag_unique` (`tag`);

ALTER TABLE `users`
 ADD PRIMARY KEY (`id`), ADD UNIQUE KEY `users_email_unique` (`email`);

ALTER TABLE `user_friend_pivot`
 ADD PRIMARY KEY (`id`), ADD KEY `user_friend_pivot_user_id_index` (`user_id`), ADD KEY `user_friend_pivot_friend_id_index` (`friend_id`);

ALTER TABLE `user_post_pivot`
 ADD PRIMARY KEY (`id`), ADD KEY `user_post_pivot_user_id_index` (`user_id`), ADD KEY `user_post_pivot_post_id_index` (`post_id`);


ALTER TABLE `jobs`
MODIFY `id` bigint(20) unsigned NOT NULL AUTO_INCREMENT;
ALTER TABLE `posts`
MODIFY `id` int(10) unsigned NOT NULL AUTO_INCREMENT,AUTO_INCREMENT=21;
ALTER TABLE `post_tag_pivot`
MODIFY `id` int(10) unsigned NOT NULL AUTO_INCREMENT,AUTO_INCREMENT=23;
ALTER TABLE `tags`
MODIFY `id` int(10) unsigned NOT NULL AUTO_INCREMENT,AUTO_INCREMENT=6;
ALTER TABLE `users`
MODIFY `id` int(10) unsigned NOT NULL AUTO_INCREMENT,AUTO_INCREMENT=4;
ALTER TABLE `user_friend_pivot`
MODIFY `id` int(10) unsigned NOT NULL AUTO_INCREMENT,AUTO_INCREMENT=7;
ALTER TABLE `user_post_pivot`
MODIFY `id` int(10) unsigned NOT NULL AUTO_INCREMENT;
